[
    {
        "id": "pdf",
        "level": 1,
        "title": "PDF",
        "extensions": ".pdf",
        "icons":
        {
            "16": "icons/red-16.png",
            "32": "icons/red-32.png"
        }
    },
    {
        "id": "jpg",
        "level": 1,
        "title": "JPG",
        "extensions": ".jpg|.jpeg",
        "icons":
        {
            "16": "icons/blue-16.png",
            "32": "icons/blue-32.png"
        }
    },
    {
        "id": "mp3",
        "level": 1,
        "title": "MP3",
        "extensions": ".mp3",
        "icons":
        {
            "16": "icons/green-16.png",
            "32": "icons/green-32.png"
        }
    }
]
