[
    {
        "id": "audio",
        "level": 1,
        "title": "Audio",
        "extensions": ".mp3|.wav|.ogg",
        "icons":
        {
            "16": "icons/red-16.png",
            "32": "icons/red-32.png"
        }
    },
    {
        "id": "document",
        "level": 1,
        "title": "Document",
        "extensions": ".pdf|.txt|.docx",
        "icons":
        {
            "16": "icons/blue-16.png",
            "32": "icons/blue-32.png"
        }
    },
    {
        "id": "image",
        "level": 1,
        "title": "Image",
        "extensions": ".jpg|.jpeg|.bmp|.gif",
        "icons":
        {
            "16": "icons/green-16.png",
            "32": "icons/green-32.png"
        }
    },
    {
        "id": "video",
        "level": 1,
        "title": "Video",
        "extensions": ".mp4|.avi",
        "icons":
        {
            "16": "icons/gray-16.png",
            "32": "icons/gray-32.png"
        }
    }
]
